row_data,col_data,row_model,col_model
264,341,264,341
265,341,265,341
266,341,266,341
267,341,267,341
268,341,268,340
269,341,269,340
270,341,270,340
271,341,271,340
272,341,272,340
273,341,273,340
274,340,274,340
275,340,275,340
276,340,276,340
277,340,277,340
278,340,278,340
279,340,279,340
280,340,280,340
281,340,281,340
282,339,282,340
283,339,283,340
284,339,284,340
285,338,285,340
286,338,286,340
240,343,240,341
241,343,241,341
242,343,242,341
243,343,243,341
244,343,244,341
245,343,245,341
246,342,246,341
247,342,247,341
248,342,248,341
249,342,249,341
250,342,250,341
251,342,251,341
252,342,252,341
253,342,253,341
254,342,254,341
255,342,255,341
256,342,256,341
257,342,257,341
258,342,258,341
259,342,259,341
260,342,260,341
261,342,261,341
262,342,262,341
263,342,263,341
216,341,216,341
217,341,217,341
218,341,218,341
219,341,219,341
220,341,220,341
221,341,221,341
222,342,222,341
223,342,223,341
224,342,224,341
225,342,225,341
226,342,226,341
227,342,227,341
228,342,228,341
229,342,229,341
230,342,230,341
231,342,231,341
232,342,232,341
233,342,233,341
234,342,234,341
235,342,235,341
236,342,236,341
237,342,237,341
238,342,238,341
239,343,239,341
192,340,192,340
193,340,193,340
194,340,194,340
195,341,195,340
196,341,196,340
197,341,197,340
198,341,198,340
199,341,199,341
200,341,200,341
201,341,201,341
202,341,202,341
203,341,203,341
204,341,204,341
205,341,205,341
206,341,206,341
207,341,207,341
208,341,208,341
209,341,209,341
210,341,210,341
211,341,211,341
212,341,212,341
213,341,213,341
214,341,214,341
215,341,215,341
168,339,168,339
169,339,169,339
170,339,170,339
171,339,171,339
172,339,172,339
173,339,173,339
174,340,174,339
175,340,175,339
176,340,176,339
177,340,177,340
178,340,178,340
179,340,179,340
180,340,180,340
181,340,181,340
182,340,182,340
183,340,183,340
184,340,184,340
185,340,185,340
186,340,186,340
187,340,187,340
188,340,188,340
189,340,189,340
190,340,190,340
191,340,191,340
144,338,144,337
145,338,145,337
146,338,146,337
147,338,147,337
148,338,148,337
149,338,149,338
150,338,150,338
151,338,151,338
152,338,152,338
153,338,153,338
154,338,154,338
155,338,155,338
156,338,156,338
157,338,157,338
158,338,158,338
159,339,159,338
160,339,160,338
161,339,161,339
162,339,162,339
163,339,163,339
164,339,164,339
165,339,165,339
166,339,166,339
167,339,167,339
122,336,122,335
123,336,123,335
124,336,124,335
125,336,125,335
126,336,126,335
127,336,127,335
128,337,128,336
129,337,129,336
130,337,130,336
131,337,131,336
132,337,132,336
133,337,133,336
134,337,134,336
135,337,135,336
136,337,136,336
137,337,137,336
138,337,138,337
139,337,139,337
140,337,140,337
141,338,141,337
142,338,142,337
143,338,143,337
